[
    {
        "title": "Регулярно подстригайте ногти",
        "text": "Регулярная стрижка ногтей помогает предотвратить их ломкость и расслаивание."
    },
    {
        "title": "Увлажняйте кутикулу",
        "text": "Используйте масла или кремы для увлажнения кутикулы, чтобы предотвратить ее сухость и трещины."
    },
    {
        "title": "Избегайте использования ногтей как инструментов",
        "text": "Не используйте ногти для открывания упаковок или выполнения других задач, чтобы избежать повреждений."
    },
    {
        "title": "Носите перчатки при работе с химикатами",
        "text": "При уборке или работе с химическими веществами всегда надевайте перчатки, чтобы защитить ногти."
    },
    {
        "title": "Следите за питанием",
        "text": "Сбалансированное питание, богатое витаминами и минералами, способствует здоровью ногтей."
    },
    {
        "title": "Не забывайте про маникюр",
        "text": "Регулярный маникюр помогает поддерживать ногти в хорошем состоянии и предотвращает их повреждение."
    }
]