[
    {
        "service": "Маникюр",
        "price": null
    },
    {
        "service": "Маникюр классический",
        "price": "1500"
    },
    {
        "service": "Маникюр с покрытием гель-лак",
        "price": "2000"
    },
    {
        "service": "Наращивание ногтей",
        "price": "3500"
    },
    {
        "service": "Коррекция ногтей",
        "price": "2500"
    },
    {
        "service": "Дизайн ногтей",
        "price": "800"
    },
    {
        "service": "Уход за кутикулой",
        "price": "500"
    },
    {
        "service": "SPA-маникюр",
        "price": "2200"
    }
]